;;Category;Subcategory;HOUSEHOLDS;SERVICES;INDUSTRY;TRANSPORTATION ;Units
ELECTRICITY;AL;Electricity;baseload;1429.14;2093.96;2672.75;0.0;[GWh]. 
ELECTRICITY;AT;Electricity;baseload;4337.08;4059.76;10948.09;0.0;[GWh]. 
ELECTRICITY;BA;Electricity;baseload;1429.14;2093.96;2672.75;0.0;[GWh]. 
ELECTRICITY;BE;Electricity;baseload;9862.9;12587.4;44908.3;0.0;[GWh] 
ELECTRICITY;BG;Electricity;baseload;5082.64;4267.15;4697.24;0.0;[GWh]. 
ELECTRICITY;CH;Electricity;baseload;10848.0;15026.0;10444.0;0.0;[GWh]. 
ELECTRICITY;CZ;Electricity;baseload;4433.4;7101.96;16417.06;0.0;[GWh]. 
ELECTRICITY;DE;Electricity;baseload;30487.78;39006.02;94712.69;0.0;[GWh]. 
ELECTRICITY;DK;Electricity;baseload;4740.35;6660.93;8160.64;0.0;[GWh]. 
ELECTRICITY;EE;Electricity;baseload;941.41;1342.81;1797.54;0.0;[GWh]. 
ELECTRICITY;GR;Electricity;baseload;8448.01;9082.93;8191.89;0.0;[GWh]. 
ELECTRICITY;ES;Electricity;baseload;715.37;863.11;1580.79;0.0;[GWh]. 
ELECTRICITY;FI;Electricity;baseload;9029.74;7272.36;21532.28;0.0;[GWh]. 
ELECTRICITY;FR;Electricity;baseload;49725.49;51227.29;64520.93;0.0;[GWh]
ELECTRICITY;HR;Electricity;baseload;1429.14;2093.96;2672.75;0.0;[GWh]. 
ELECTRICITY;HU;Electricity;baseload;3397.44;4321.4;10173.43;0.0;[GWh]. 
ELECTRICITY;IE;Electricity;baseload;7133.78;6402.39;12948.32;0.0;[GWh]. 
ELECTRICITY;IT;Electricity;baseload;9232.08;17556.14;34174.04;0.0;[GWh]. 
ELECTRICITY;LT;Electricity;baseload;907.14;1033.66;1797.36;0.0;[GWh]. 
ELECTRICITY;LU;Electricity;baseload;282.0;915.08;1729.16;0.0;[GWh]. 
ELECTRICITY;LV;Electricity;baseload;875.33;1146.6;1644.38;0.0;[GWh]. 
ELECTRICITY;ME;Electricity;baseload;1429.14;2093.96;2672.75;0.0;[GWh]. 
ELECTRICITY;MK;Electricity;baseload;1429.14;2093.96;2672.75;0.0;[GWh]. 
ELECTRICITY;NL;Electricity;baseload;11803.1;21513.56;25657.55;0.0;[GWh]. 
ELECTRICITY;NO;Electricity;baseload;13571.87;9755.62;22247.35;0.0;[GWh]. 
ELECTRICITY;PL;Electricity;baseload;16934.86;29372.86;53141.84;0.0;[GWh]. 
ELECTRICITY;PT;Electricity;baseload;689.56;902.26;833.49;0.0;[GWh]. 
ELECTRICITY;RO;Electricity;baseload;7849.67;5527.24;19078.06;0.0;[GWh]. 
ELECTRICITY;RS;Electricity;baseload;1429.14;2093.96;2672.75;0.0;[GWh]. 
ELECTRICITY;SE;Electricity;baseload;13571.87;9755.62;22247.35;0.0;[GWh]. 
ELECTRICITY;SI;Electricity;baseload;654.32;699.48;2015.68;0.0;[GWh]. 
ELECTRICITY;SK;Electricity;baseload;3146.78;6425.35;9962.35;0.0;[GWh]. 
ELECTRICITY;GB;Electricity;baseload;25147.25;27933.57;45052.4;0.0;[GWh]. 
ELECTRICITY_VAR;AL;Electricity;variable;1878.29;2752.04;3512.73;0.0;[GWh]
ELECTRICITY_VAR;AT;Electricity;variable;10110.22;9463.76;25521.24;0.0;[GWh]
ELECTRICITY_VAR;BA;Electricity;variable;1878.29;2752.04;3512.73;0.0;[GWh]
ELECTRICITY_VAR;BE;Electricity;variable;5310.8;9820.0;14791.7;0.0;[GWh]
ELECTRICITY_VAR;BG;Electricity;variable;4469.4;3752.3;4130.5;0.0;[GWh]
ELECTRICITY_VAR;CH;Electricity;variable;425.0;3805.0;1264.0;0.0;[GWh]
ELECTRICITY_VAR;CZ;Electricity;variable;4508.52;7222.28;16695.2;0.0;[GWh]
ELECTRICITY_VAR;DE;Electricity;variable;57297.36;73306.15;177998.77;0.0;[GWh]
ELECTRICITY_VAR;DK;Electricity;variable;3614.16;5078.46;6221.88;0.0;[GWh]
ELECTRICITY_VAR;EE;Electricity;variable;848.01;1209.57;1619.18;0.0;[GWh]
ELECTRICITY_VAR;GR;Electricity;variable;6909.22;7428.49;6699.75;0.0;[GWh]
ELECTRICITY_VAR;ES;Electricity;variable;44560.96;53764.18;98469.36;0.0;[GWh]
ELECTRICITY_VAR;FI;Electricity;variable;7117.87;5732.57;16973.23;0.0;[GWh]
ELECTRICITY_VAR;FR;Electricity;variable;68219.22;70279.57;88517.33;0.0;[GWh]
ELECTRICITY_VAR;HR;Electricity;variable;1878.29;2752.04;3512.73;0.0;[GWh]
ELECTRICITY_VAR;HU;Electricity;variable;3464.69;4406.94;10374.8;0.0;[GWh]
ELECTRICITY_VAR;IE;Electricity;variable;0.0;0.0;0.0;0.0;[GWh]
ELECTRICITY_VAR;IT;Electricity;variable;34111.02;64867.04;126267.46;0.0;[GWh]
ELECTRICITY_VAR;LT;Electricity;variable;1463.22;1667.31;2899.17;0.0;[GWh]
ELECTRICITY_VAR;LU;Electricity;variable;538.71;1748.13;3303.32;0.0;[GWh]
ELECTRICITY_VAR;LV;Electricity;variable;951.7;1246.63;1787.85;0.0;[GWh]
ELECTRICITY_VAR;ME;Electricity;variable;1878.29;2752.04;3512.73;0.0;[GWh]
ELECTRICITY_VAR;MK;Electricity;variable;1878.29;2752.04;3512.73;0.0;[GWh]
ELECTRICITY_VAR;NL;Electricity;variable;10107.24;18422.51;21971.09;0.0;[GWh]
ELECTRICITY_VAR;NO;Electricity;variable;19603.08;14090.93;32133.85;0.0;[GWh]
ELECTRICITY_VAR;PL;Electricity;variable;11919.9;20674.61;37404.83;0.0;[GWh]
ELECTRICITY_VAR;PT;Electricity;variable;9063.79;11859.53;10955.59;0.0;[GWh]
ELECTRICITY_VAR;RO;Electricity;variable;4335.47;3052.77;10537.06;0.0;[GWh]
ELECTRICITY_VAR;RS;Electricity;variable;1878.29;2752.04;3512.73;0.0;[GWh]
ELECTRICITY_VAR;SE;Electricity;variable;19603.08;14090.93;32133.85;0.0;[GWh]
ELECTRICITY_VAR;SI;Electricity;variable;2194.28;2345.71;6759.59;0.0;[GWh]
ELECTRICITY_VAR;SK;Electricity;variable;1653.07;3375.37;5233.42;0.0;[GWh]
ELECTRICITY_VAR;GB;Electricity;variable;55842.27;62029.61;100043.89;0.0;[GWh]
HEAT_HIGH_T;AL;Heat;high temperature;0.0;0.0;5108.05;0.0;[GWh]
HEAT_HIGH_T;AT;Heat;high temperature;0.0;0.0;51374.75;0.0;[GWh]
HEAT_HIGH_T;BA;Heat;high temperature;0.0;0.0;5108.05;0.0;[GWh]
HEAT_HIGH_T;BE;Heat;high temperature;0.0;0.0;61932.4;0.0;[GWh] 
HEAT_HIGH_T;BG;Heat;high temperature;0.0;0.0;16269.65;0.0;[GWh]
HEAT_HIGH_T;CH;Heat;high temperature;0.0;0.0;19021.0;0.0;[GWh]
HEAT_HIGH_T;CZ;Heat;high temperature;0.0;0.0;40735.99;0.0;[GWh]
HEAT_HIGH_T;DE;Heat;high temperature;0.0;0.0;272141.17;0.0;[GWh]
HEAT_HIGH_T;DK;Heat;high temperature;0.0;0.0;10536.29;0.0;[GWh]
HEAT_HIGH_T;EE;Heat;high temperature;0.0;0.0;3279.76;0.0;[GWh]
HEAT_HIGH_T;GR;Heat;high temperature;0.0;0.0;13766.15;0.0;[GWh]
HEAT_HIGH_T;ES;Heat;high temperature;0.0;0.0;91758.76;0.0;[GWh]
HEAT_HIGH_T;FI;Heat;high temperature;0.0;0.0;29883.53;0.0;[GWh]
HEAT_HIGH_T;FR;Heat;high temperature;0.0;0.0;125275.55;0.0;[GWh]
HEAT_HIGH_T;HR;Heat;high temperature;0.0;0.0;5108.05;0.0;[GWh]
HEAT_HIGH_T;HU;Heat;high temperature;0.0;0.0;9765.03;0.0;[GWh]
HEAT_HIGH_T;IE;Heat;high temperature;0.0;0.0;9849.77;0.0;[GWh]
HEAT_HIGH_T;IT;Heat;high temperature;0.0;0.0;82164.05;0.0;[GWh]
HEAT_HIGH_T;LT;Heat;high temperature;0.0;0.0;4883.91;0.0;[GWh]
HEAT_HIGH_T;LU;Heat;high temperature;0.0;0.0;543.49;0.0;[GWh]
HEAT_HIGH_T;LV;Heat;high temperature;0.0;0.0;5398.27;0.0;[GWh]
HEAT_HIGH_T;ME;Heat;high temperature;0.0;0.0;5108.05;0.0;[GWh]
HEAT_HIGH_T;MK;Heat;high temperature;0.0;0.0;5108.05;0.0;[GWh]
HEAT_HIGH_T;NL;Heat;high temperature;0.0;0.0;52925.62;0.0;[GWh]
HEAT_HIGH_T;NO;Heat;high temperature;0.0;0.0;58261.51;0.0;[GWh]
HEAT_HIGH_T;PL;Heat;high temperature;0.0;0.0;82105.71;0.0;[GWh]
HEAT_HIGH_T;PT;Heat;high temperature;0.0;0.0;27576.63;0.0;[GWh]
HEAT_HIGH_T;RO;Heat;high temperature;0.0;0.0;41837.24;0.0;[GWh]
HEAT_HIGH_T;RS;Heat;high temperature;0.0;0.0;5108.05;0.0;[GWh]
HEAT_HIGH_T;SE;Heat;high temperature;0.0;0.0;58261.51;0.0;[GWh]
HEAT_HIGH_T;SI;Heat;high temperature;0.0;0.0;4585.6;0.0;[GWh]
HEAT_HIGH_T;SK;Heat;high temperature;0.0;0.0;25885.17;0.0;[GWh]
HEAT_HIGH_T;GB;Heat;high temperature;0.0;0.0;63485.0;0.0;[GWh]
HEAT_LOW_T_SH;AL;Heat;space heating;13658.21;5446.4;1328.61;0.0;[GWh]
HEAT_LOW_T_SH;AT;Heat;space heating;47056.06;19688.38;13362.59;0.0;[GWh]
HEAT_LOW_T_SH;BA;Heat;space heating;13658.21;5446.4;1328.61;0.0;[GWh]
HEAT_LOW_T_SH;BE;Heat;space heating;48562.1;31455.2;16110.7;0.0;[GWh] 
HEAT_LOW_T_SH;BG;Heat;space heating;15768.92;5627.46;4231.74;0.0;[GWh]
HEAT_LOW_T_SH;CH;Heat;space heating;29489.0;14525.0;4948.0;0.0;[GWh]
HEAT_LOW_T_SH;CZ;Heat;space heating;53155.08;25496.83;10595.45;0.0;[GWh]
HEAT_LOW_T_SH;DE;Heat;space heating;431815.53;193129.29;70784.03;0.0;[GWh]
HEAT_LOW_T_SH;DK;Heat;space heating;31557.61;18059.37;2740.49;0.0;[GWh]
HEAT_LOW_T_SH;EE;Heat;space heating;7985.48;3038.49;853.07;0.0;[GWh]
HEAT_LOW_T_SH;GR;Heat;space heating;22868.4;5683.0;3580.58;0.0;[GWh]
HEAT_LOW_T_SH;ES;Heat;space heating;93157.8;70520.27;23866.49;0.0;[GWh]
HEAT_LOW_T_SH;FI;Heat;space heating;36980.7;25067.07;7772.72;0.0;[GWh]
HEAT_LOW_T_SH;FR;Heat;space heating;271879.99;158277.44;32584.22;0.0;[GWh]
HEAT_LOW_T_SH;HR;Heat;space heating;13658.21;5446.4;1328.61;0.0;[GWh]
HEAT_LOW_T_SH;HU;Heat;space heating;41023.99;24142.84;2539.89;0.0;[GWh]
HEAT_LOW_T_SH;IE;Heat;space heating;20582.83;8567.63;2561.93;0.0;[GWh]
HEAT_LOW_T_SH;IT;Heat;space heating;275292.47;100967.95;21370.9;0.0;[GWh]
HEAT_LOW_T_SH;LT;Heat;space heating;9486.44;3518.42;1270.31;0.0;[GWh]
HEAT_LOW_T_SH;LU;Heat;space heating;5255.16;4514.56;141.36;0.0;[GWh]
HEAT_LOW_T_SH;LV;Heat;space heating;10085.88;4805.35;1404.09;0.0;[GWh]
HEAT_LOW_T_SH;ME;Heat;space heating;13658.21;5446.4;1328.61;0.0;[GWh]
HEAT_LOW_T_SH;MK;Heat;space heating;13658.21;5446.4;1328.61;0.0;[GWh]
HEAT_LOW_T_SH;NL;Heat;space heating;78651.94;64317.93;13765.98;0.0;[GWh]
HEAT_LOW_T_SH;NO;Heat;space heating;41967.79;27197.71;15153.84;0.0;[GWh]
HEAT_LOW_T_SH;PL;Heat;space heating;173375.29;80055.2;21355.73;0.0;[GWh]
HEAT_LOW_T_SH;PT;Heat;space heating;17295.61;8803.87;7172.69;0.0;[GWh]
HEAT_LOW_T_SH;RO;Heat;space heating;65168.22;16645.3;10881.88;0.0;[GWh]
HEAT_LOW_T_SH;RS;Heat;space heating;13658.21;5446.4;1328.61;0.0;[GWh]
HEAT_LOW_T_SH;SE;Heat;space heating;41967.79;27197.71;15153.84;0.0;[GWh]
HEAT_LOW_T_SH;SI;Heat;space heating;7377.98;2917.97;1192.72;0.0;[GWh]
HEAT_LOW_T_SH;SK;Heat;space heating;16235.59;11915.05;6732.74;0.0;[GWh]
HEAT_LOW_T_SH;GB;Heat;space heating;302400.69;111956.97;16512.47;0.0;[GWh]
HEAT_LOW_T_HW;AL;Heat;hot water;3491.21;1220.91;344.22;0.0;[GWh]
HEAT_LOW_T_HW;AT;Heat;hot water;12028.1;4413.51;3461.99;0.0;[GWh]
HEAT_LOW_T_HW;BA;Heat;hot water;3491.21;1220.91;344.22;0.0;[GWh]
HEAT_LOW_T_HW;BE;Heat;hot water;12413.5;7051.2;4174.2;0.0;[GWh] 
HEAT_LOW_T_HW;BG;Heat;hot water;4030.73;1261.5;1096.36;0.0;[GWh]
HEAT_LOW_T_HW;CH;Heat;hot water;7538.0;3256.0;1282.0;0.0;[GWh]
HEAT_LOW_T_HW;CZ;Heat;hot water;13587.09;5715.58;2745.07;0.0;[GWh]
HEAT_LOW_T_HW;DE;Heat;hot water;110377.33;43293.47;18338.75;0.0;[GWh]
HEAT_LOW_T_HW;DK;Heat;hot water;8066.51;4048.34;710.01;0.0;[GWh]
HEAT_LOW_T_HW;EE;Heat;hot water;2041.19;681.13;221.01;0.0;[GWh]
HEAT_LOW_T_HW;GR;Heat;hot water;5845.44;1273.95;927.66;0.0;[GWh]
HEAT_LOW_T_HW;ES;Heat;hot water;23812.27;15808.41;6183.34;0.0;[GWh]
HEAT_LOW_T_HW;FI;Heat;hot water;9452.72;5619.24;2013.76;0.0;[GWh]
HEAT_LOW_T_HW;FR;Heat;hot water;69495.85;35480.79;8441.93;0.0;[GWh]
HEAT_LOW_T_HW;HR;Heat;hot water;3491.21;1220.91;344.22;0.0;[GWh]
HEAT_LOW_T_HW;HU;Heat;hot water;10486.23;5412.06;658.04;0.0;[GWh]
HEAT_LOW_T_HW;IE;Heat;hot water;5261.22;1920.59;663.75;0.0;[GWh]
HEAT_LOW_T_HW;IT;Heat;hot water;70368.12;22633.81;5536.78;0.0;[GWh]
HEAT_LOW_T_HW;LT;Heat;hot water;2424.85;788.72;329.11;0.0;[GWh]
HEAT_LOW_T_HW;LU;Heat;hot water;1343.28;1012.02;36.62;0.0;[GWh]
HEAT_LOW_T_HW;LV;Heat;hot water;2578.07;1077.21;363.77;0.0;[GWh]
HEAT_LOW_T_HW;ME;Heat;hot water;3491.21;1220.91;344.22;0.0;[GWh]
HEAT_LOW_T_HW;MK;Heat;hot water;3491.21;1220.91;344.22;0.0;[GWh]
HEAT_LOW_T_HW;NL;Heat;hot water;20104.4;14418.04;3566.49;0.0;[GWh]
HEAT_LOW_T_HW;NO;Heat;hot water;10727.48;6096.86;3926.06;0.0;[GWh]
HEAT_LOW_T_HW;PL;Heat;hot water;44316.84;17945.84;5532.85;0.0;[GWh]
HEAT_LOW_T_HW;PT;Heat;hot water;4420.97;1973.55;1858.3;0.0;[GWh]
HEAT_LOW_T_HW;RO;Heat;hot water;16657.79;3731.35;2819.28;0.0;[GWh]
HEAT_LOW_T_HW;RS;Heat;hot water;3491.21;1220.91;344.22;0.0;[GWh]
HEAT_LOW_T_HW;SE;Heat;hot water;10727.48;6096.86;3926.06;0.0;[GWh]
HEAT_LOW_T_HW;SI;Heat;hot water;1885.9;654.12;309.01;0.0;[GWh]
HEAT_LOW_T_HW;SK;Heat;hot water;4150.02;2670.98;1744.32;0.0;[GWh]
HEAT_LOW_T_HW;GB;Heat;hot water;77297.31;25097.21;4278.06;0.0;[GWh]
PROCESS_COOLING;AL;Cold;process cooling;0.0;369.23;1353.85;0.0;[GWh]
PROCESS_COOLING;AT;Cold;process cooling;0.0;6000.0;3000.0;0.0;[GWh]
PROCESS_COOLING;BA;Cold;process cooling;0.0;369.23;1353.85;0.0;[GWh]
PROCESS_COOLING;BE;Cold;process cooling;0.0;0.0;0.0;0.0;[GWh]
PROCESS_COOLING;BG;Cold;process cooling;0.0;315.79;947.37;0.0;[GWh]
PROCESS_COOLING;CH;Cold;process cooling;0.0;2221.441467;1110.720733;0.0;[GWh]
PROCESS_COOLING;CZ;Cold;process cooling;0.0;4000.0;3000.0;0.0;[GWh]
PROCESS_COOLING;DE;Cold;process cooling;0.0;55000.0;37000.0;0.0;[GWh]
PROCESS_COOLING;DK;Cold;process cooling;0.0;4177.22;2810.13;0.0;[GWh]
PROCESS_COOLING;EE;Cold;process cooling;0.0;1333.33;500.0;0.0;[GWh]
PROCESS_COOLING;GR;Cold;process cooling;0.0;923.08;3384.62;0.0;[GWh]
PROCESS_COOLING;ES;Cold;process cooling;0.0;13000.0;15000.0;0.0;[GWh]
PROCESS_COOLING;FI;Cold;process cooling;0.0;8000.0;3000.0;0.0;[GWh]
PROCESS_COOLING;FR;Cold;process cooling;0.0;39000.0;36000.0;0.0;[GWh]
PROCESS_COOLING;HR;Cold;process cooling;0.0;369.23;1353.85;0.0;[GWh]
PROCESS_COOLING;HU;Cold;process cooling;0.0;1000.0;2000.0;0.0;[GWh]
PROCESS_COOLING;IE;Cold;process cooling;0.0;1250.0;1319.44;0.0;[GWh]
PROCESS_COOLING;IT;Cold;process cooling;0.0;6000.0;22000.0;0.0;[GWh]
PROCESS_COOLING;LT;Cold;process cooling;0.0;2666.67;1000.0;0.0;[GWh]
PROCESS_COOLING;LU;Cold;process cooling;0.0;692.31;615.38;0.0;[GWh]
PROCESS_COOLING;LV;Cold;process cooling;0.0;2666.67;1000.0;0.0;[GWh]
PROCESS_COOLING;ME;Cold;process cooling;0.0;369.23;1353.85;0.0;[GWh]
PROCESS_COOLING;MK;Cold;process cooling;0.0;369.23;1353.85;0.0;[GWh]
PROCESS_COOLING;NL;Cold;process cooling;0.0;17000.0;11000.0;0.0;[GWh]
PROCESS_COOLING;NO;Cold;process cooling;0.0;15000.0;5000.0;0.0;[GWh]
PROCESS_COOLING;PL;Cold;process cooling;0.0;9000.0;11000.0;0.0;[GWh]
PROCESS_COOLING;PT;Cold;process cooling;0.0;2954.55;3409.09;0.0;[GWh]
PROCESS_COOLING;RO;Cold;process cooling;0.0;1000.0;3000.0;0.0;[GWh]
PROCESS_COOLING;RS;Cold;process cooling;0.0;369.23;1353.85;0.0;[GWh]
PROCESS_COOLING;SE;Cold;process cooling;0.0;15000.0;5000.0;0.0;[GWh]
PROCESS_COOLING;SI;Cold;process cooling;0.0;184.62;676.92;0.0;[GWh]
PROCESS_COOLING;SK;Cold;process cooling;0.0;500.0;1000.0;0.0;[GWh]
PROCESS_COOLING;GB;Cold;process cooling;0.0;18000.0;19000.0;0.0;[GWh]
SPACE_COOLING;AL;Cold;space cooling;2124.84;2859.77;861.54;0.0;[GWh]
SPACE_COOLING;AT;Cold;space cooling;206.5;1793.5;1000.0;0.0;[GWh]
SPACE_COOLING;BA;Cold;space cooling;2124.84;2859.77;861.54;0.0;[GWh]
SPACE_COOLING;BE;Cold;space cooling;0.0;0.0;0.0;0.0;[GWh]
SPACE_COOLING;BG;Cold;space cooling;442.27;1136.67;315.79;0.0;[GWh]
SPACE_COOLING;CH;Cold;space cooling;129.4090177;1323.145302;370.2874967;0.0;[GWh]
SPACE_COOLING;CZ;Cold;space cooling;113.77;886.23;1000.0;0.0;[GWh]
SPACE_COOLING;DE;Cold;space cooling;648.86;8351.14;4000.0;0.0;[GWh]
SPACE_COOLING;DK;Cold;space cooling;49.28;634.26;303.8;0.0;[GWh]
SPACE_COOLING;EE;Cold;space cooling;0.0;0.0;166.67;0.0;[GWh]
SPACE_COOLING;GR;Cold;space cooling;5312.11;7149.43;2153.85;0.0;[GWh]
SPACE_COOLING;ES;Cold;space cooling;16837.23;41162.77;14000.0;0.0;[GWh]
SPACE_COOLING;FI;Cold;space cooling;0.0;0.0;1000.0;0.0;[GWh]
SPACE_COOLING;FR;Cold;space cooling;9215.15;25784.85;6000.0;0.0;[GWh]
SPACE_COOLING;HR;Cold;space cooling;2124.84;2859.77;861.54;0.0;[GWh]
SPACE_COOLING;HU;Cold;space cooling;753.98;2246.02;0.0;0.0;[GWh]
SPACE_COOLING;IE;Cold;space cooling;35.4;589.6;69.44;0.0;[GWh]
SPACE_COOLING;IT;Cold;space cooling;34528.71;46471.29;14000.0;0.0;[GWh]
SPACE_COOLING;LT;Cold;space cooling;0.0;0.0;333.33;0.0;[GWh]
SPACE_COOLING;LU;Cold;space cooling;5.73;225.04;0.0;0.0;[GWh]
SPACE_COOLING;LV;Cold;space cooling;0.0;0.0;333.33;0.0;[GWh]
SPACE_COOLING;ME;Cold;space cooling;2124.84;2859.77;861.54;0.0;[GWh]
SPACE_COOLING;MK;Cold;space cooling;2124.84;2859.77;861.54;0.0;[GWh]
SPACE_COOLING;NL;Cold;space cooling;45.27;2954.73;0.0;0.0;[GWh]
SPACE_COOLING;NO;Cold;space cooling;41.63;1958.37;0.0;0.0;[GWh]
SPACE_COOLING;PL;Cold;space cooling;236.22;4763.78;0.0;0.0;[GWh]
SPACE_COOLING;PT;Cold;space cooling;3826.64;9355.18;3181.82;0.0;[GWh]
SPACE_COOLING;RO;Cold;space cooling;1400.54;3599.46;1000.0;0.0;[GWh]
SPACE_COOLING;RS;Cold;space cooling;2124.84;2859.77;861.54;0.0;[GWh]
SPACE_COOLING;SE;Cold;space cooling;41.63;1958.37;0.0;0.0;[GWh]
SPACE_COOLING;SI;Cold;space cooling;1062.42;1429.89;430.77;0.0;[GWh]
SPACE_COOLING;SK;Cold;space cooling;376.99;1123.01;0.0;0.0;[GWh]
SPACE_COOLING;GB;Cold;space cooling;509.7;8490.3;1000.0;0.0;[GWh]
MOBILITY_PASSENGER;AL;Mobility;passenger;0.0;0.0;0.0;45000.0;[Mpkm]
MOBILITY_PASSENGER;AT;Mobility;passenger;0.0;0.0;0.0;135000.0;[Mpkm]
MOBILITY_PASSENGER;BA;Mobility;passenger;0.0;0.0;0.0;45000.0;[Mpkm]
MOBILITY_PASSENGER;BE;Mobility;passenger;0.0;0.0;0.0;151204.0;[Mpkm] 
MOBILITY_PASSENGER;BG;Mobility;passenger;0.0;0.0;0.0;88000.0;[Mpkm]
MOBILITY_PASSENGER;CH;Mobility;passenger;0.0;0.0;0.0;146049.0;[Mpkm]
MOBILITY_PASSENGER;CZ;Mobility;passenger;0.0;0.0;0.0;155000.0;[Mpkm]
MOBILITY_PASSENGER;DE;Mobility;passenger;0.0;0.0;0.0;1295000.0;[Mpkm]
MOBILITY_PASSENGER;DK;Mobility;passenger;0.0;0.0;0.0;102000.0;[Mpkm]
MOBILITY_PASSENGER;EE;Mobility;passenger;0.0;0.0;0.0;18000.0;[Mpkm]
MOBILITY_PASSENGER;GR;Mobility;passenger;0.0;0.0;0.0;193000.0;[Mpkm]
MOBILITY_PASSENGER;ES;Mobility;passenger;0.0;0.0;0.0;766000.0;[Mpkm]
MOBILITY_PASSENGER;FI;Mobility;passenger;0.0;0.0;0.0;107000.0;[Mpkm]
MOBILITY_PASSENGER;FR;Mobility;passenger;0.0;0.0;0.0;1436000.0;[Mpkm]
MOBILITY_PASSENGER;HR;Mobility;passenger;0.0;0.0;0.0;45000.0;[Mpkm]
MOBILITY_PASSENGER;HU;Mobility;passenger;0.0;0.0;0.0;119000.0;[Mpkm]
MOBILITY_PASSENGER;IE;Mobility;passenger;0.0;0.0;0.0;97000.0;[Mpkm]
MOBILITY_PASSENGER;IT;Mobility;passenger;0.0;0.0;0.0;1123000.0;[Mpkm]
MOBILITY_PASSENGER;LT;Mobility;passenger;0.0;0.0;0.0;45000.0;[Mpkm]
MOBILITY_PASSENGER;LU;Mobility;passenger;0.0;0.0;0.0;14000.0;[Mpkm]
MOBILITY_PASSENGER;LV;Mobility;passenger;0.0;0.0;0.0;23000.0;[Mpkm]
MOBILITY_PASSENGER;ME;Mobility;passenger;0.0;0.0;0.0;45000.0;[Mpkm]
MOBILITY_PASSENGER;MK;Mobility;passenger;0.0;0.0;0.0;45000.0;[Mpkm]
MOBILITY_PASSENGER;NL;Mobility;passenger;0.0;0.0;0.0;222000.0;[Mpkm]
MOBILITY_PASSENGER;NO;Mobility;passenger;0.0;0.0;0.0;194000.0;[Mpkm]
MOBILITY_PASSENGER;PL;Mobility;passenger;0.0;0.0;0.0;438000.0;[Mpkm]
MOBILITY_PASSENGER;PT;Mobility;passenger;0.0;0.0;0.0;150000.0;[Mpkm]
MOBILITY_PASSENGER;RO;Mobility;passenger;0.0;0.0;0.0;173000.0;[Mpkm]
MOBILITY_PASSENGER;RS;Mobility;passenger;0.0;0.0;0.0;45000.0;[Mpkm]
MOBILITY_PASSENGER;SE;Mobility;passenger;0.0;0.0;0.0;194000.0;[Mpkm]
MOBILITY_PASSENGER;SI;Mobility;passenger;0.0;0.0;0.0;38000.0;[Mpkm]
MOBILITY_PASSENGER;SK;Mobility;passenger;0.0;0.0;0.0;62000.0;[Mpkm]
MOBILITY_PASSENGER;GB;Mobility;passenger;0.0;0.0;0.0;1057000.0;[Mpkm]
MOBILITY_FREIGHT;AL;Mobility;freight;0.0;0.0;0.0;17000.0;[Mtkm]
MOBILITY_FREIGHT;AT;Mobility;freight;0.0;0.0;0.0;84000.0;[Mtkm]
MOBILITY_FREIGHT;BA;Mobility;freight;0.0;0.0;0.0;17000.0;[Mtkm]
MOBILITY_FREIGHT;BE;Mobility;freight;0.0;0.0;0.0;84701.5;[Mtkm] 
MOBILITY_FREIGHT;BG;Mobility;freight;0.0;0.0;0.0;28000.0;[Mtkm]
MOBILITY_FREIGHT;CH;Mobility;freight;0.0;0.0;0.0;39967.0;[Mtkm]
MOBILITY_FREIGHT;CZ;Mobility;freight;0.0;0.0;0.0;68000.0;[Mtkm]
MOBILITY_FREIGHT;DE;Mobility;freight;0.0;0.0;0.0;790000.0;[Mtkm]
MOBILITY_FREIGHT;DK;Mobility;freight;0.0;0.0;0.0;35000.0;[Mtkm]
MOBILITY_FREIGHT;EE;Mobility;freight;0.0;0.0;0.0;14000.0;[Mtkm]
MOBILITY_FREIGHT;GR;Mobility;freight;0.0;0.0;0.0;44000.0;[Mtkm]
MOBILITY_FREIGHT;ES;Mobility;freight;0.0;0.0;0.0;298000.0;[Mtkm]
MOBILITY_FREIGHT;FI;Mobility;freight;0.0;0.0;0.0;55000.0;[Mtkm]
MOBILITY_FREIGHT;FR;Mobility;freight;0.0;0.0;0.0;608000.0;[Mtkm]
MOBILITY_FREIGHT;HR;Mobility;freight;0.0;0.0;0.0;17000.0;[Mtkm]
MOBILITY_FREIGHT;HU;Mobility;freight;0.0;0.0;0.0;48000.0;[Mtkm]
MOBILITY_FREIGHT;IE;Mobility;freight;0.0;0.0;0.0;19000.0;[Mtkm]
MOBILITY_FREIGHT;IT;Mobility;freight;0.0;0.0;0.0;337000.0;[Mtkm]
MOBILITY_FREIGHT;LT;Mobility;freight;0.0;0.0;0.0;28000.0;[Mtkm]
MOBILITY_FREIGHT;LU;Mobility;freight;0.0;0.0;0.0;5000.0;[Mtkm]
MOBILITY_FREIGHT;LV;Mobility;freight;0.0;0.0;0.0;35000.0;[Mtkm]
MOBILITY_FREIGHT;ME;Mobility;freight;0.0;0.0;0.0;17000.0;[Mtkm]
MOBILITY_FREIGHT;MK;Mobility;freight;0.0;0.0;0.0;17000.0;[Mtkm]
MOBILITY_FREIGHT;NL;Mobility;freight;0.0;0.0;0.0;138000.0;[Mtkm]
MOBILITY_FREIGHT;NO;Mobility;freight;0.0;0.0;0.0;111000.0;[Mtkm]
MOBILITY_FREIGHT;PL;Mobility;freight;0.0;0.0;0.0;308000.0;[Mtkm]
MOBILITY_FREIGHT;PT;Mobility;freight;0.0;0.0;0.0;36000.0;[Mtkm]
MOBILITY_FREIGHT;RO;Mobility;freight;0.0;0.0;0.0;82000.0;[Mtkm]
MOBILITY_FREIGHT;RS;Mobility;freight;0.0;0.0;0.0;17000.0;[Mtkm]
MOBILITY_FREIGHT;SE;Mobility;freight;0.0;0.0;0.0;111000.0;[Mtkm]
MOBILITY_FREIGHT;SI;Mobility;freight;0.0;0.0;0.0;22000.0;[Mtkm]
MOBILITY_FREIGHT;SK;Mobility;freight;0.0;0.0;0.0;34000.0;[Mtkm]
MOBILITY_FREIGHT;GB;Mobility;freight;0.0;0.0;0.0;288000.0;[Mtkm]
NON_ENERGY;AL;Non energy;Non energy;0.0;0.0;3344.231552380953;0.0;[GWh]
NON_ENERGY;AT;Non energy;Non energy;0.0;0.0;14747.216033333336;0.0;[GWh]
NON_ENERGY;BA;Non energy;Non energy;0.0;0.0;3344.231552380953;0.0;[GWh]
NON_ENERGY;BE;Non energy;Non energy;0.0;0.0;53115.33108;0.0;[GWh]
NON_ENERGY;BG;Non energy;Non energy;0.0;0.0;3935.81041904762;0.0;[GWh]
NON_ENERGY;CH;Non energy;Non energy;0.0;0.0;5460.012857;0.0;[GWh]
NON_ENERGY;CZ;Non energy;Non energy;0.0;0.0;17379.13833809524;0.0;[GWh]
NON_ENERGY;DE;Non energy;Non energy;0.0;0.0;162080.53642857145;0.0;[GWh]
NON_ENERGY;DK;Non energy;Non energy;0.0;0.0;2155.0373;0.0;[GWh]
NON_ENERGY;EE;Non energy;Non energy;0.0;0.0;1907.54001904762;0.0;[GWh]
NON_ENERGY;GR;Non energy;Non energy;0.0;0.0;5300.063723809524;0.0;[GWh]
NON_ENERGY;ES;Non energy;Non energy;0.0;0.0;40148.88818571429;0.0;[GWh]
NON_ENERGY;FI;Non energy;Non energy;0.0;0.0;7708.634823809525;0.0;[GWh]
NON_ENERGY;FR;Non energy;Non energy;0.0;0.0;91429.0;0.0;[GWh]
NON_ENERGY;HR;Non energy;Non energy;0.0;0.0;3344.231552380953;0.0;[GWh]
NON_ENERGY;HU;Non energy;Non energy;0.0;0.0;20596.6029904762;0.0;[GWh]
NON_ENERGY;IE;Non energy;Non energy;0.0;0.0;2861.310028571429;0.0;[GWh]
NON_ENERGY;IT;Non energy;Non energy;0.0;0.0;45750.77786190477;0.0;[GWh]
NON_ENERGY;LT;Non energy;Non energy;0.0;0.0;4515.316247619048;0.0;[GWh]
NON_ENERGY;LU;Non energy;Non energy;0.0;0.0;301.8259523809524;0.0;[GWh]
NON_ENERGY;LV;Non energy;Non energy;0.0;0.0;917.5508952380952;0.0;[GWh]
NON_ENERGY;ME;Non energy;Non energy;0.0;0.0;3344.231552380953;0.0;[GWh]
NON_ENERGY;MK;Non energy;Non energy;0.0;0.0;3344.231552380953;0.0;[GWh]
NON_ENERGY;NL;Non energy;Non energy;0.0;0.0;94079.14935714286;0.0;[GWh]
NON_ENERGY;NO;Non energy;Non energy;0.0;0.0;15405.196609523811;0.0;[GWh]
NON_ENERGY;PL;Non energy;Non energy;0.0;0.0;47229.72502857143;0.0;[GWh]
NON_ENERGY;PT;Non energy;Non energy;0.0;0.0;9362.641042857143;0.0;[GWh]
NON_ENERGY;RO;Non energy;Non energy;0.0;0.0;15000.749833333335;0.0;[GWh]
NON_ENERGY;RS;Non energy;Non energy;0.0;0.0;3344.231552380953;0.0;[GWh]
NON_ENERGY;SE;Non energy;Non energy;0.0;0.0;15405.196609523811;0.0;[GWh]
NON_ENERGY;SI;Non energy;Non energy;0.0;0.0;790.7839952380954;0.0;[GWh]
NON_ENERGY;SK;Non energy;Non energy;0.0;0.0;12954.369876190478;0.0;[GWh]
NON_ENERGY;GB;Non energy;Non energy;0.0;0.0;54383.000100000005;0.0;[GWh]
